fs,gdot,folder,dump_file,n_frames_total,n_frames_used,timestep_start_used,timestep_end_used,n_alrich_al_mean,n_alrich_al_std,f_eta_ge2_percent_mean,f_eta_ge2_percent_std,f_eta_ge3_percent_mean,f_eta_ge3_percent_std,n_ge5_mean,n_ge5_std,n_ge7_mean,n_ge7_std,max_size_mean,max_size_std
20,0.0,AZ91_fs20_T865.0_shearYZ_gdot0.0,dump.production.Alrich.AZ91.fs20.T865.0.gdot0.0.lammpstrj,101,21,400000,500000,2696.4285714285716,60.7927392281113,8.42016847221792,0.09423250659698143,0.6190953212051827,0.02459402087746814,11.380952380952381,3.470968027455604,0.6666666666666666,0.7958224257542216,6.523809523809524,0.7496030695673289
40,0.0,AZ91_fs40_T852.0_shearYZ_gdot0.0,dump.production.Alrich.AZ91.fs40.T852.0.gdot0.0.lammpstrj,101,21,400000,500000,2671.5238095238096,38.712554872572085,8.105481764743777,0.06631963895458627,0.7291299372347797,0.023631448301409362,21.142857142857142,2.937443008565686,3.2857142857142856,1.2705454396776663,8.142857142857142,0.792824967172092
60,0.0,AZ91_fs60_T833.0_shearYZ_gdot0.0,dump.production.Alrich.AZ91.fs60.T833.0.gdot0.0.lammpstrj,101,21,400000,500000,2609.8571428571427,43.04449525117667,7.878527685201169,0.06327237312152562,0.7450634414106856,0.016049610152542342,19.714285714285715,2.917924898671265,3.9047619047619047,1.2611408289624875,8.0,0.7745966692414834
80,0.0,AZ91_fs80_T813.0_shearYZ_gdot0.0,dump.production.Alrich.AZ91.fs80.T813.0.gdot0.0.lammpstrj,101,21,400000,500000,2642.3333333333335,41.55277768493141,7.728462598803709,0.049735462944250464,0.8091908779705042,0.009883884813720338,23.428571428571427,3.7225183487986806,4.333333333333333,1.4259499757471628,9.476190476190476,1.0304876330673562
